exposure_C024566	disease_4976	1
exposure_C015530	disease_4976	1
exposure_C051412	disease_11565	1
exposure_C009536	disease_5527	1
exposure_C035384	disease_21100	1
exposure_C031763	disease_3144	1
exposure_C031763	disease_4209	1
exposure_C031763	disease_7959	1
exposure_C031763	disease_16715	1
exposure_C023891	disease_18075	1
exposure_C033146	disease_5372	1
exposure_C093851	disease_5335	1
exposure_C029350	disease_5372	1
exposure_C512044	disease_5030	1
exposure_C512044	disease_3538	1
exposure_C512045	disease_3538	1
exposure_C541131	disease_4995	1
exposure_C541131	disease_5406	1
exposure_C541131	disease_2050	1
exposure_C541131	disease_4790	1
exposure_C541131	disease_18908	1
exposure_C511855	disease_3538	1
exposure_C512046	disease_3538	1
exposure_C483839	disease_3538	1
exposure_C029790	disease_24355	1
exposure_C029790	disease_21100	1
exposure_C066675	disease_4790	1
exposure_C477694	disease_3538	1
exposure_C500336	disease_21124	1
exposure_C511295	disease_3538	1
exposure_C511295	disease_5406	1
exposure_C511295	disease_21100	1
exposure_C045798	disease_2691	1
exposure_C045798	disease_7256	1
exposure_C078449	disease_21117	1
exposure_C087667	disease_4995	1
exposure_C087667	disease_24355	1
exposure_C087667	disease_4790	1
exposure_C087667	disease_18908	1
exposure_C067940	disease_5298	1
exposure_C067940	disease_24355	1
exposure_C067940	disease_4790	1
exposure_C070055	disease_5298	1
exposure_C070055	disease_24355	1
exposure_C070055	disease_5335	1
exposure_C070055	disease_11565	1
exposure_C070055	disease_4790	1
exposure_C070055	disease_18908	1
exposure_C034559	disease_4995	1
exposure_C038890	disease_24575	1
exposure_C038890	disease_5570	1
exposure_C541132	disease_11565	1
exposure_C541132	disease_4790	1
exposure_C081766	disease_24355	1
exposure_C081766	disease_5335	1
exposure_C014024	disease_5030	1
exposure_C014024	disease_24355	1
exposure_C014024	disease_21100	1
exposure_C014024	disease_2050	1
exposure_C014024	disease_5147	1
exposure_C014024	disease_4790	1
exposure_C009828	disease_24355	1
exposure_D015085	disease_4995	1
exposure_D015085	disease_2118	1
exposure_D015085	disease_8315	1
exposure_D015085	disease_3781	1
exposure_D015085	disease_2050	1
exposure_D015085	disease_5420	1
exposure_D015085	disease_4425	1
exposure_D015085	disease_5180	1
exposure_D015085	disease_5406	1
exposure_D015085	disease_21100	1
exposure_C004762	disease_20683	1
exposure_C004762	disease_29000	1
exposure_C004762	disease_1386	1
exposure_D015084	disease_5372	1
exposure_D015084	disease_21042	1
exposure_D015084	disease_5148	1
exposure_D015084	disease_5267	1
exposure_D015084	disease_3014	1
exposure_D015084	disease_5420	1
exposure_D015084	disease_5335	1
exposure_D015084	disease_4425	1
exposure_C016403	disease_4976	1
exposure_C009407	disease_24355	1
exposure_C049584	disease_5335	1
exposure_C078188	disease_21042	1
exposure_C078188	disease_2050	1
exposure_C004726	disease_3144	1
exposure_C004726	disease_4209	1
exposure_C004726	disease_7959	1
exposure_C004726	disease_16715	1
exposure_C060089	disease_21117	1
exposure_C000601538	disease_1071	1
exposure_C026114	disease_3144	1
exposure_C026114	disease_4209	1
exposure_C026114	disease_7959	1
exposure_C026114	disease_16715	1
exposure_C027309	disease_24575	1
exposure_C027309	disease_4790	1
exposure_C023035	disease_24575	1
exposure_C023035	disease_11565	1
exposure_C023035	disease_4790	1
exposure_C012587	disease_5302	1
exposure_C012587	disease_5372	1
exposure_C017618	disease_21124	1
exposure_C041594	disease_5302	1
exposure_D056810	disease_16296	1
exposure_D000079	disease_3144	1
exposure_D000079	disease_4209	1
exposure_D000079	disease_7959	1
exposure_D000079	disease_16715	1
exposure_D000082	disease_5302	1
exposure_D000082	disease_2039	1
exposure_C043377	disease_5372	1
exposure_C043377	disease_5335	1
exposure_C043377	disease_21117	1
exposure_C043377	disease_21040	1
exposure_D000171	disease_4995	1
exposure_D020106	disease_5030	1
exposure_D020106	disease_21100	1
exposure_D020106	disease_4976	1
exposure_D016604	disease_7256	1
exposure_D000348	disease_7256	1
exposure_D000075182	disease_8315	1
exposure_D000075182	disease_5154	1
exposure_D000075182	disease_5148	1
exposure_D000075182	disease_2869	1
exposure_D000075182	disease_24644	1
exposure_D000075182	disease_3620	1
exposure_D000075182	disease_2959	1
exposure_D000075182	disease_5283	1
exposure_D000075182	disease_4976	1
exposure_D016573	disease_839	1
exposure_D000393	disease_5386	1
exposure_D000393	disease_5002	1
exposure_D000393	disease_8383	1
exposure_D000393	disease_4995	1
exposure_D000393	disease_11057	1
exposure_D000393	disease_5252	1
exposure_D000393	disease_1627	1
exposure_D000393	disease_5180	1
exposure_D000393	disease_5087	1
exposure_D000393	disease_5030	1
exposure_D000393	disease_24355	1
exposure_D000393	disease_5302	1
exposure_D000393	disease_5352	1
exposure_D000393	disease_1657	1
exposure_D000393	disease_2974	1
exposure_D000393	disease_5153	1
exposure_D000393	disease_2691	1
exposure_D000393	disease_7256	1
exposure_D000393	disease_5311	1
exposure_D000393	disease_16677	1
exposure_D000393	disease_839	1
exposure_D000393	disease_11827	1
exposure_D000393	disease_6664	1
exposure_D000393	disease_8542	1
exposure_D000393	disease_5148	1
exposure_D000393	disease_3781	1
exposure_D000393	disease_5324	1
exposure_D000393	disease_5010	1
exposure_D000393	disease_3014	1
exposure_D000393	disease_4980	1
exposure_D000393	disease_5275	1
exposure_D000393	disease_21117	1
exposure_D000393	disease_24644	1
exposure_D000393	disease_5267	1
exposure_D000393	disease_5271	1
exposure_D000393	disease_12727	1
exposure_D000393	disease_13792	1
exposure_D000393	disease_5299	1
exposure_D000393	disease_21100	1
exposure_D000393	disease_3538	1
exposure_D000393	disease_19781	1
exposure_D000393	disease_7263	1
exposure_D000393	disease_6052	1
exposure_D000393	disease_100130	1
exposure_D000393	disease_5335	1
exposure_D000393	disease_21085	1
exposure_D000393	disease_21113	1
exposure_D000393	disease_18075	1
exposure_D000395	disease_2267	1
exposure_D000395	disease_6688	1
exposure_D000395	disease_5960	1
exposure_D000395	disease_3781	1
exposure_D000396	disease_5062	1
exposure_C000188	disease_5372	1
exposure_C000188	disease_21042	1
exposure_C000188	disease_8315	1
exposure_C000188	disease_5300	1
exposure_C000188	disease_5420	1
exposure_C000188	disease_2334	1
exposure_C000188	disease_9693	1
exposure_C000188	disease_4425	1
exposure_C000188	disease_5401	1
exposure_D000448	disease_5300	1
exposure_D000448	disease_5335	1
exposure_D000452	disease_8315	1
exposure_D000452	disease_5420	1
exposure_D000452	disease_5401	1
exposure_D000452	disease_4425	1
exposure_D000452	disease_4976	1
exposure_C023698	disease_4976	1
exposure_C040534	disease_5335	1
exposure_C040534	disease_5148	1
exposure_D017962	disease_5148	1
exposure_D017962	disease_5180	1
exposure_D000535	disease_1076	1
exposure_D000535	disease_4976	1
exposure_D000535	disease_5010	1
exposure_C001864	disease_2050	1
exposure_D000538	disease_5249	1
exposure_D000658	disease_5359	1
exposure_D000701	disease_4976	1
exposure_D000814	disease_21042	1
exposure_D000927	disease_1627	1
exposure_D000927	disease_4976	1
exposure_D000928	disease_1627	1
exposure_D000928	disease_5302	1
exposure_D000941	disease_12105	1
exposure_D052179	disease_5902	1
exposure_D000890	disease_5359	1
exposure_D000965	disease_5406	1
exposure_D000965	disease_1076	1
exposure_D000978	disease_1627	1
exposure_D014150	disease_1627	1
exposure_C000228	disease_7416	1
exposure_C000228	disease_4180	1
exposure_D001151	disease_21117	1
exposure_D001151	disease_1187	1
exposure_D001151	disease_4987	1
exposure_D001151	disease_4995	1
exposure_D001151	disease_2367	1
exposure_D001151	disease_2531	1
exposure_D001151	disease_6566	1
exposure_D001151	disease_5093	1
exposure_D001151	disease_2442	1
exposure_D001151	disease_4681	1
exposure_D001151	disease_5249	1
exposure_D001151	disease_5148	1
exposure_D001151	disease_5137	1
exposure_D001151	disease_5406	1
exposure_D001151	disease_4933	1
exposure_D001151	disease_5010	1
exposure_D001151	disease_24644	1
exposure_D001151	disease_5311	1
exposure_D001151	disease_5267	1
exposure_D001151	disease_7263	1
exposure_D001151	disease_4298	1
exposure_D001151	disease_6026	1
exposure_D001151	disease_5269	1
exposure_D001151	disease_21071	1
exposure_D001151	disease_5240	1
exposure_D001151	disease_2691	1
exposure_D001151	disease_7256	1
exposure_D001151	disease_5385	1
exposure_D001151	disease_2050	1
exposure_D001151	disease_13209	1
exposure_D001151	disease_5386	1
exposure_D001151	disease_5002	1
exposure_D001151	disease_2025	1
exposure_D001151	disease_6052	1
exposure_D001151	disease_43555	1
exposure_D001151	disease_7416	1
exposure_D001151	disease_4180	1
exposure_D001151	disease_5096	1
exposure_D001151	disease_8433	1
exposure_D001151	disease_21100	1
exposure_D001151	disease_1076	1
exposure_D001151	disease_20804	1
exposure_D001151	disease_4976	1
exposure_D001152	disease_21042	1
exposure_D001152	disease_4976	1
exposure_D001152	disease_24355	1
exposure_D001152	disease_43555	1
exposure_D000077237	disease_5267	1
exposure_D000077237	disease_20641	1
exposure_D001194	disease_16466	1
exposure_D001194	disease_21117	1
exposure_D001194	disease_5065	1
exposure_D001194	disease_6294	1
exposure_D001194	disease_7179	1
exposure_D001194	disease_5401	1
exposure_D001194	disease_5096	1
exposure_D001194	disease_8433	1
exposure_D001194	disease_2771	1
exposure_D001194	disease_5618	1
exposure_D001194	disease_2050	1
exposure_D001194	disease_8114	1
exposure_D001194	disease_3699	1
exposure_D001194	disease_1265	1
exposure_D001194	disease_5084	1
exposure_D001194	disease_5487	1
exposure_D001194	disease_3117	1
exposure_D001194	disease_2037	1
exposure_D001194	disease_3781	1
exposure_D017638	disease_21117	1
exposure_D017632	disease_5249	1
exposure_D001241	disease_8315	1
exposure_D001280	disease_5372	1
exposure_D001280	disease_21042	1
exposure_D001280	disease_5030	1
exposure_D001280	disease_2129	1
exposure_D001280	disease_1657	1
exposure_D001280	disease_5062	1
exposure_D001280	disease_5300	1
exposure_D001280	disease_8315	1
exposure_D001280	disease_21100	1
exposure_D001280	disease_18908	1
exposure_D001280	disease_2108	1
exposure_D001280	disease_8170	1
exposure_D001280	disease_4425	1
exposure_D001280	disease_5420	1
exposure_D001280	disease_5401	1
exposure_D001280	disease_5406	1
exposure_D001464	disease_1076	1
exposure_D001464	disease_5010	1
exposure_D001542	disease_18075	1
exposure_D001542	disease_3014	1
exposure_D001542	disease_5420	1
exposure_D001542	disease_5180	1
exposure_C002003	disease_21042	1
exposure_D001554	disease_4952	1
exposure_D001554	disease_5030	1
exposure_D001554	disease_18075	1
exposure_D001554	disease_3144	1
exposure_D001554	disease_4209	1
exposure_D001554	disease_7959	1
exposure_D001554	disease_16715	1
exposure_D001554	disease_3538	1
exposure_D001554	disease_18908	1
exposure_D001554	disease_2691	1
exposure_D001554	disease_7256	1
exposure_D001554	disease_4976	1
exposure_D001554	disease_6736	1
exposure_C029876	disease_1187	1
exposure_C029876	disease_4987	1
exposure_D001564	disease_5030	1
exposure_D001564	disease_21100	1
exposure_D001564	disease_21117	1
exposure_D019817	disease_21042	1
exposure_C022921	disease_19781	1
exposure_D001608	disease_15274	1
exposure_D019207	disease_5271	1
exposure_C023888	disease_5335	1
exposure_C023888	disease_21100	1
exposure_C023888	disease_5148	1
exposure_C023888	disease_18908	1
exposure_C588130	disease_11565	1
exposure_C543008	disease_5148	1
exposure_C006780	disease_5148	1
exposure_C006780	disease_5010	1
exposure_C006780	disease_5267	1
exposure_C006780	disease_5386	1
exposure_C006780	disease_5081	1
exposure_C006780	disease_5372	1
exposure_C006780	disease_5311	1
exposure_C006780	disease_4995	1
exposure_C006780	disease_4980	1
exposure_C006780	disease_5618	1
exposure_C006780	disease_5352	1
exposure_C006780	disease_5406	1
exposure_C006780	disease_1076	1
exposure_D001895	disease_5148	1
exposure_D001966	disease_5148	1
exposure_C016274	disease_153	1
exposure_C016274	disease_8542	1
exposure_C025191	disease_8542	1
exposure_C025191	disease_153	1
exposure_C025191	disease_6664	1
exposure_C025191	disease_21040	1
exposure_C025191	disease_18935	1
exposure_C025191	disease_4643	1
exposure_C015044	disease_5335	1
exposure_C015044	disease_8542	1
exposure_C015044	disease_153	1
exposure_C015044	disease_6664	1
exposure_C015044	disease_6936	1
exposure_C006826	disease_8315	1
exposure_C023898	disease_8315	1
exposure_C023898	disease_2334	1
exposure_C023898	disease_18908	1
exposure_C023898	disease_4425	1
exposure_C023898	disease_5420	1
exposure_C023898	disease_5180	1
exposure_C023898	disease_5406	1
exposure_C027561	disease_5047	1
exposure_C027561	disease_21100	1
exposure_D002101	disease_5267	1
exposure_D002104	disease_6920	1
exposure_D002104	disease_21040	1
exposure_D002104	disease_5030	1
exposure_D002104	disease_5240	1
exposure_D002104	disease_21100	1
exposure_D002104	disease_5148	1
exposure_D002104	disease_1076	1
exposure_D002104	disease_5406	1
exposure_D002104	disease_21117	1
exposure_D002104	disease_2050	1
exposure_D002104	disease_4995	1
exposure_D002104	disease_24644	1
exposure_D002104	disease_5385	1
exposure_D002104	disease_8170	1
exposure_D002104	disease_2715	1
exposure_D002104	disease_18908	1
exposure_D002104	disease_3634	1
exposure_D002104	disease_2635	1
exposure_D002104	disease_43523	1
exposure_D002104	disease_2025	1
exposure_D002104	disease_5300	1
exposure_D002104	disease_5010	1
exposure_D002104	disease_11565	1
exposure_D002104	disease_7416	1
exposure_D002104	disease_5298	1
exposure_D002104	disease_2908	1
exposure_D002104	disease_5302	1
exposure_D002104	disease_4681	1
exposure_D002104	disease_6733	1
exposure_D002104	disease_5276	1
exposure_D002104	disease_4790	1
exposure_D002104	disease_3004	1
exposure_D002104	disease_24327	1
exposure_D002104	disease_13209	1
exposure_D002104	disease_5252	1
exposure_D002104	disease_5154	1
exposure_D002104	disease_5386	1
exposure_D019187	disease_4976	1
exposure_D002118	disease_4995	1
exposure_D002118	disease_5148	1
exposure_D002118	disease_11565	1
exposure_D002133	disease_5249	1
exposure_D002215	disease_18075	1
exposure_D002215	disease_3014	1
exposure_D002215	disease_5420	1
exposure_D002215	disease_21100	1
exposure_D002219	disease_21042	1
exposure_D002219	disease_4580	1
exposure_D002219	disease_2050	1
exposure_D012721	disease_8315	1
exposure_D012721	disease_3781	1
exposure_D012721	disease_3014	1
exposure_D012721	disease_2165	1
exposure_D012721	disease_4425	1
exposure_D012721	disease_5420	1
exposure_D012721	disease_21100	1
exposure_D012721	disease_5401	1
exposure_D012721	disease_24575	1
exposure_D002235	disease_8315	1
exposure_D002235	disease_3014	1
exposure_D002235	disease_3781	1
exposure_D002235	disease_4425	1
exposure_D002235	disease_5420	1
exposure_D002235	disease_21117	1
exposure_D002235	disease_5401	1
exposure_D002235	disease_5406	1
exposure_D002244	disease_4995	1
exposure_D002244	disease_5302	1
exposure_D002244	disease_5352	1
exposure_D002244	disease_5010	1
exposure_D002244	disease_5311	1
exposure_D002244	disease_24644	1
exposure_D002244	disease_21117	1
exposure_D002245	disease_4995	1
exposure_D002246	disease_4976	1
exposure_D002246	disease_4225	1
exposure_D002246	disease_5010	1
exposure_D002246	disease_5420	1
exposure_D002246	disease_5180	1
exposure_D002248	disease_5002	1
exposure_D002248	disease_8383	1
exposure_D002248	disease_839	1
exposure_D002248	disease_831	1
exposure_D002248	disease_24355	1
exposure_D002248	disease_5328	1
exposure_D002248	disease_4995	1
exposure_D002248	disease_6052	1
exposure_D002248	disease_6664	1
exposure_D002248	disease_8542	1
exposure_D002248	disease_5252	1
exposure_D002248	disease_24575	1
exposure_D002248	disease_5087	1
exposure_D002248	disease_5071	1
exposure_D002248	disease_21113	1
exposure_D002251	disease_4976	1
exposure_D002251	disease_4225	1
exposure_D002251	disease_5420	1
exposure_D002251	disease_5180	1
exposure_C040738	disease_5359	1
exposure_D002586	disease_5148	1
exposure_D002606	disease_5030	1
exposure_D002700	disease_5328	1
exposure_D002706	disease_5447	1
exposure_D002706	disease_5300	1
exposure_D002706	disease_5420	1
exposure_D002706	disease_2165	1
exposure_D002706	disease_4425	1
exposure_D007631	disease_5372	1
exposure_D007631	disease_8315	1
exposure_C112343	disease_21117	1
exposure_C112343	disease_5087	1
exposure_C112343	disease_3781	1
exposure_C112343	disease_4425	1
exposure_C112343	disease_5420	1
exposure_C112343	disease_5401	1
exposure_D002713	disease_15796	1
exposure_D002713	disease_100130	1
exposure_D002713	disease_2118	1
exposure_D002713	disease_24644	1
exposure_C006972	disease_153	1
exposure_C006972	disease_8542	1
exposure_C032707	disease_8542	1
exposure_C032707	disease_153	1
exposure_C032707	disease_6664	1
exposure_D002725	disease_8542	1
exposure_D002725	disease_153	1
exposure_D002725	disease_6664	1
exposure_D002725	disease_21040	1
exposure_D002725	disease_5030	1
exposure_D002725	disease_3144	1
exposure_D002725	disease_4209	1
exposure_D002725	disease_7959	1
exposure_D002725	disease_16715	1
exposure_D002725	disease_4976	1
exposure_D002733	disease_18908	1
exposure_D002733	disease_654	1
exposure_D004390	disease_18075	1
exposure_D004390	disease_21100	1
exposure_D004390	disease_5180	1
exposure_D004390	disease_1071	1
exposure_D004390	disease_5087	1
exposure_D004390	disease_21117	1
exposure_D004390	disease_2165	1
exposure_D004390	disease_8315	1
exposure_D004390	disease_4425	1
exposure_D004390	disease_5420	1
exposure_D004390	disease_5401	1
exposure_D004390	disease_5302	1
exposure_D018680	disease_1627	1
exposure_D002840	disease_21117	1
exposure_D002857	disease_4980	1
exposure_D002857	disease_5406	1
exposure_D002857	disease_5148	1
exposure_D002857	disease_1076	1
exposure_D002857	disease_21117	1
exposure_C074702	disease_3144	1
exposure_C074702	disease_4209	1
exposure_C074702	disease_7959	1
exposure_C074702	disease_16715	1
exposure_D002922	disease_43230	1
exposure_D002939	disease_5359	1
exposure_D019343	disease_5002	1
exposure_D017291	disease_5359	1
exposure_D019818	disease_5359	1
exposure_D003031	disease_4995	1
exposure_D003031	disease_24355	1
exposure_D003031	disease_24644	1
exposure_D003031	disease_18075	1
exposure_D003035	disease_5302	1
exposure_D003035	disease_1076	1
exposure_D003035	disease_21100	1
exposure_D003069	disease_5252	1
exposure_D003077	disease_21117	1
exposure_D004396	disease_22742	1
exposure_D045424	disease_15925	1
exposure_D003300	disease_4995	1
exposure_D003300	disease_24644	1
exposure_D003300	disease_5302	1
exposure_D003300	disease_5148	1
exposure_D003300	disease_1076	1
exposure_D003367	disease_5276	1
exposure_D003372	disease_21100	1
exposure_D003372	disease_5300	1
exposure_D003372	disease_8315	1
exposure_D003408	disease_4976	1
exposure_D003484	disease_4995	1
exposure_D003484	disease_5328	1
exposure_D003484	disease_29000	1
exposure_D003484	disease_5093	1
exposure_C007168	disease_21042	1
exposure_C007168	disease_5030	1
exposure_C007168	disease_5401	1
exposure_C007168	disease_2334	1
exposure_C007168	disease_21117	1
exposure_C007168	disease_18908	1
exposure_C007168	disease_8315	1
exposure_C007168	disease_4425	1
exposure_C007168	disease_5420	1
exposure_C007168	disease_3781	1
exposure_C007168	disease_5180	1
exposure_D003486	disease_4976	1
exposure_C014986	disease_13209	1
exposure_C506365	disease_4995	1
exposure_C506365	disease_5010	1
exposure_C506365	disease_5002	1
exposure_D003603	disease_839	1
exposure_D003634	disease_21042	1
exposure_D003634	disease_21100	1
exposure_D003634	disease_4790	1
exposure_D003634	disease_6920	1
exposure_D003634	disease_5335	1
exposure_D003634	disease_18908	1
exposure_D003634	disease_3781	1
exposure_D003634	disease_5420	1
exposure_D003634	disease_4425	1
exposure_D003634	disease_5401	1
exposure_D003634	disease_21040	1
exposure_D003634	disease_4976	1
exposure_C010902	disease_3538	1
exposure_D003678	disease_8315	1
exposure_D003678	disease_5154	1
exposure_D003678	disease_4976	1
exposure_C086916	disease_5148	1
exposure_D003902	disease_22742	1
exposure_C010909	disease_18075	1
exposure_D003976	disease_5372	1
exposure_D003976	disease_8170	1
exposure_D003976	disease_21042	1
exposure_D003976	disease_21117	1
exposure_D003976	disease_2367	1
exposure_D003976	disease_8315	1
exposure_D003976	disease_5180	1
exposure_D003976	disease_18906	1
exposure_D003976	disease_1071	1
exposure_D003976	disease_3014	1
exposure_D003976	disease_3781	1
exposure_D003976	disease_2050	1
exposure_D003976	disease_5420	1
exposure_D003976	disease_4425	1
exposure_D003976	disease_21100	1
exposure_D003976	disease_5406	1
exposure_C023614	disease_21124	1
exposure_C088674	disease_153	1
exposure_C088674	disease_8542	1
exposure_D003993	disease_5047	1
exposure_D003996	disease_21042	1
exposure_D003996	disease_8315	1
exposure_D003996	disease_5420	1
exposure_D003996	disease_5401	1
exposure_D003996	disease_21117	1
exposure_D003996	disease_4425	1
exposure_D003996	disease_5180	1
exposure_D003999	disease_153	1
exposure_D003999	disease_6936	1
exposure_D003999	disease_8542	1
exposure_D003633	disease_5335	1
exposure_D003633	disease_1071	1
exposure_D003633	disease_24355	1
exposure_D003633	disease_5148	1
exposure_D003633	disease_2908	1
exposure_D003633	disease_21100	1
exposure_D003633	disease_2715	1
exposure_D003633	disease_5147	1
exposure_D003633	disease_18908	1
exposure_D004006	disease_20683	1
exposure_D004006	disease_4335	1
exposure_D004006	disease_5087	1
exposure_D004006	disease_8315	1
exposure_D004006	disease_3781	1
exposure_D004006	disease_3014	1
exposure_D004006	disease_4425	1
exposure_D004026	disease_21117	1
exposure_D004026	disease_5180	1
exposure_D004026	disease_4225	1
exposure_D004026	disease_8315	1
exposure_D004026	disease_2050	1
exposure_D004026	disease_4976	1
exposure_D004026	disease_21100	1
exposure_D004026	disease_18908	1
exposure_D004051	disease_5081	1
exposure_D004051	disease_5311	1
exposure_D004051	disease_3014	1
exposure_D004051	disease_21100	1
exposure_C034789	disease_5087	1
exposure_C034789	disease_5302	1
exposure_C007379	disease_5047	1
exposure_C007379	disease_5311	1
exposure_C007379	disease_21100	1
exposure_C007379	disease_5087	1
exposure_C025605	disease_5311	1
exposure_C012125	disease_3014	1
exposure_C012125	disease_5087	1
exposure_D004117	disease_18075	1
exposure_D004117	disease_8315	1
exposure_D004126	disease_5359	1
exposure_C007477	disease_5087	1
exposure_C007477	disease_5302	1
exposure_C024629	disease_5311	1
exposure_C010715	disease_21100	1
exposure_D004147	disease_5271	1
exposure_D004147	disease_2049	1
exposure_D004147	disease_5089	1
exposure_D004147	disease_18908	1
exposure_D004147	disease_5372	1
exposure_D004177	disease_4643	1
exposure_D004202	disease_20683	1
exposure_D004202	disease_5087	1
exposure_D004202	disease_22742	1
exposure_D004222	disease_18075	1
exposure_D004281	disease_5148	1
exposure_C026219	disease_5148	1
exposure_D004318	disease_5359	1
exposure_D004365	disease_18905	1
exposure_D004391	disease_5087	1
exposure_D004391	disease_12105	1
exposure_D004391	disease_6688	1
exposure_D004391	disease_5252	1
exposure_D004391	disease_5180	1
exposure_D004391	disease_21095	1
exposure_D004391	disease_3538	1
exposure_D004391	disease_5287	1
exposure_D052244	disease_21100	1
exposure_D004726	disease_2334	1
exposure_D004731	disease_3781	1
exposure_D004731	disease_4849	1
exposure_D004731	disease_5275	1
exposure_D004785	disease_4768	1
exposure_D004785	disease_839	1
exposure_D004785	disease_18908	1
exposure_D004785	disease_21124	1
exposure_D004785	disease_11565	1
exposure_D004785	disease_1166	1
exposure_D004785	disease_2331	1
exposure_D004785	disease_5377	1
exposure_C036251	disease_8315	1
exposure_C036251	disease_5401	1
exposure_C036251	disease_4425	1
exposure_C036251	disease_5420	1
exposure_C036251	disease_21040	1
exposure_D000431	disease_21720	1
exposure_D000431	disease_21117	1
exposure_D000431	disease_18075	1
exposure_D000431	disease_5302	1
exposure_C004912	disease_3144	1
exposure_C004912	disease_4209	1
exposure_C004912	disease_7959	1
exposure_C004912	disease_16715	1
exposure_C004912	disease_2691	1
exposure_C004912	disease_7256	1
exposure_C004912	disease_4976	1
exposure_D015946	disease_4976	1
exposure_D015946	disease_2050	1
exposure_D015946	disease_5180	1
exposure_C024565	disease_4976	1
exposure_D005027	disease_4976	1
exposure_D005031	disease_24355	1
exposure_C012313	disease_21124	1
exposure_D005227	disease_5180	1
exposure_D015525	disease_5148	1
exposure_D005231	disease_5180	1
exposure_C009264	disease_3781	1
exposure_C009264	disease_4425	1
exposure_C009264	disease_5420	1
exposure_C009264	disease_5406	1
exposure_C009264	disease_21100	1
exposure_D005308	disease_21107	1
exposure_D005308	disease_8383	1
exposure_D005308	disease_4976	1
exposure_D005395	disease_4995	1
exposure_D005411	disease_21100	1
exposure_D005411	disease_4976	1
exposure_C492470	disease_6294	1
exposure_C492470	disease_5002	1
exposure_D005459	disease_5381	1
exposure_D005459	disease_6722	1
exposure_D005459	disease_5302	1
exposure_D005459	disease_3406	1
exposure_D005460	disease_6722	1
exposure_D005466	disease_5372	1
exposure_D005466	disease_7745	1
exposure_D004397	disease_21100	1
exposure_D004397	disease_8315	1
exposure_D004397	disease_5087	1
exposure_D004397	disease_5335	1
exposure_D004397	disease_4425	1
exposure_D004397	disease_5420	1
exposure_D004397	disease_5401	1
exposure_D005557	disease_3144	1
exposure_D005557	disease_4209	1
exposure_D005557	disease_7959	1
exposure_D005557	disease_16715	1
exposure_D005557	disease_2691	1
exposure_D005557	disease_7256	1
exposure_D005557	disease_4976	1
exposure_D005557	disease_5096	1
exposure_C056933	disease_15514	1
exposure_D005659	disease_21100	1
exposure_D005659	disease_4580	1
exposure_D005659	disease_5420	1
exposure_D005659	disease_2050	1
exposure_D005682	disease_11827	1
exposure_D005682	disease_5313	1
exposure_D005682	disease_5030	1
exposure_D005682	disease_5275	1
exposure_D005682	disease_6952	1
exposure_D005682	disease_409	1
exposure_D005682	disease_5406	1
exposure_D005682	disease_24664	1
exposure_D005708	disease_5148	1
exposure_D005742	disease_20128	1
exposure_D005742	disease_3781	1
exposure_D005990	disease_5826	1
exposure_D005990	disease_5002	1
exposure_C010974	disease_9693	1
exposure_C010974	disease_8383	1
exposure_C010974	disease_1071	1
exposure_C010974	disease_8315	1
exposure_C010974	disease_3014	1
exposure_C010974	disease_18908	1
exposure_C010974	disease_18874	1
exposure_C010974	disease_4425	1
exposure_C010974	disease_5420	1
exposure_C010974	disease_5401	1
exposure_C010974	disease_29000	1
exposure_D006046	disease_5148	1
exposure_D006202	disease_1569	1
exposure_D006202	disease_21042	1
exposure_D006202	disease_21100	1
exposure_D006203	disease_6564	1
exposure_D006203	disease_6589	1
exposure_D006203	disease_3014	1
exposure_D055768	disease_5030	1
exposure_D055768	disease_3538	1
exposure_D055768	disease_1071	1
exposure_D055768	disease_5447	1
exposure_D055768	disease_21124	1
exposure_D006219	disease_20683	1
exposure_C005010	disease_3233	1
exposure_D006256	disease_2367	1
exposure_D006256	disease_1187	1
exposure_D006256	disease_4987	1
exposure_D006256	disease_839	1
exposure_D006256	disease_5030	1
exposure_D006533	disease_21100	1
exposure_D006533	disease_3781	1
exposure_D006533	disease_5420	1
exposure_D006533	disease_4425	1
exposure_D006540	disease_839	1
exposure_D006540	disease_5030	1
exposure_D006540	disease_24575	1
exposure_D006540	disease_2510	1
exposure_D006540	disease_2050	1
exposure_D006540	disease_4976	1
exposure_C517828	disease_3538	1
exposure_C517828	disease_5406	1
exposure_C533761	disease_3538	1
exposure_D006581	disease_5030	1
exposure_D006581	disease_5447	1
exposure_D006581	disease_21100	1
exposure_D006581	disease_4976	1
exposure_D006581	disease_18908	1
exposure_C001335	disease_5240	1
exposure_C001335	disease_3634	1
exposure_D001556	disease_5335	1
exposure_D001556	disease_21100	1
exposure_D001556	disease_18906	1
exposure_D001556	disease_8315	1
exposure_D001556	disease_5420	1
exposure_D001556	disease_21117	1
exposure_D001556	disease_18908	1
exposure_D001556	disease_5180	1
exposure_C010182	disease_4976	1
exposure_C018959	disease_5372	1
exposure_C018959	disease_1071	1
exposure_D006586	disease_2691	1
exposure_D006586	disease_7256	1
exposure_D006586	disease_4976	1
exposure_C029424	disease_4976	1
exposure_D006843	disease_21042	1
exposure_D006843	disease_4335	1
exposure_D006843	disease_24355	1
exposure_D006843	disease_21100	1
exposure_D006843	disease_11565	1
exposure_D006843	disease_4580	1
exposure_D006843	disease_5071	1
exposure_D006843	disease_2050	1
exposure_D006843	disease_5180	1
exposure_D006843	disease_4425	1
exposure_D006843	disease_5420	1
exposure_D006843	disease_4976	1
exposure_D006851	disease_2691	1
exposure_D006851	disease_7256	1
exposure_D006851	disease_2436	1
exposure_D006851	disease_2258	1
exposure_D007052	disease_8315	1
exposure_C093630	disease_21042	1
exposure_C093630	disease_5300	1
exposure_C093630	disease_5401	1
exposure_C093630	disease_1187	1
exposure_C093630	disease_4987	1
exposure_C093630	disease_4425	1
exposure_C093630	disease_5420	1
exposure_D007204	disease_5148	1
exposure_D007220	disease_4768	1
exposure_D007220	disease_5089	1
exposure_D007287	disease_21042	1
exposure_D007306	disease_3538	1
exposure_D007306	disease_16296	1
exposure_D007306	disease_6058	1
exposure_D007306	disease_21100	1
exposure_D007306	disease_1657	1
exposure_D007306	disease_10108	1
exposure_D007306	disease_5420	1
exposure_D007306	disease_2050	1
exposure_D007302	disease_16296	1
exposure_D007501	disease_4995	1
exposure_D007501	disease_24644	1
exposure_D007501	disease_5148	1
exposure_D007501	disease_1076	1
exposure_D017953	disease_21117	1
exposure_D017953	disease_5087	1
exposure_D007854	disease_18019	1
exposure_D007854	disease_5276	1
exposure_D007854	disease_4933	1
exposure_D007854	disease_2025	1
exposure_D007854	disease_19781	1
exposure_D007854	disease_3144	1
exposure_D007854	disease_4209	1
exposure_D007854	disease_7959	1
exposure_D007854	disease_16715	1
exposure_D007854	disease_4980	1
exposure_D007854	disease_15514	1
exposure_D007854	disease_5302	1
exposure_D007854	disease_5300	1
exposure_D007854	disease_5010	1
exposure_D007854	disease_7416	1
exposure_D007854	disease_11565	1
exposure_D007854	disease_3233	1
exposure_D007854	disease_5618	1
exposure_D007854	disease_2050	1
exposure_D007854	disease_4976	1
exposure_D007854	disease_4995	1
exposure_D007854	disease_5287	1
exposure_D007854	disease_21100	1
exposure_D007854	disease_5301	1
exposure_D007854	disease_5148	1
exposure_D007854	disease_5406	1
exposure_D007854	disease_1076	1
exposure_D007854	disease_5311	1
exposure_D007854	disease_6733	1
exposure_D007854	disease_5352	1
exposure_D007854	disease_4790	1
exposure_D007854	disease_3004	1
exposure_D007854	disease_5240	1
exposure_D007854	disease_24644	1
exposure_D007854	disease_5180	1
exposure_D007854	disease_21117	1
exposure_D007854	disease_21085	1
exposure_D007854	disease_1657	1
exposure_D007854	disease_2367	1
exposure_D064704	disease_5359	1
exposure_D008044	disease_8315	1
exposure_D008274	disease_4995	1
exposure_D008274	disease_11057	1
exposure_D008274	disease_5148	1
exposure_D008274	disease_11565	1
exposure_D017633	disease_5249	1
exposure_D008294	disease_18908	1
exposure_D008294	disease_2108	1
exposure_D008294	disease_21042	1
exposure_D008294	disease_8315	1
exposure_D008294	disease_5087	1
exposure_D008294	disease_3014	1
exposure_D008294	disease_3781	1
exposure_D008294	disease_2050	1
exposure_D008294	disease_5420	1
exposure_D008294	disease_4425	1
exposure_D008294	disease_21100	1
exposure_D008294	disease_5401	1
exposure_D008294	disease_21040	1
exposure_C013099	disease_8383	1
exposure_C013099	disease_24355	1
exposure_C013099	disease_4425	1
exposure_C013099	disease_5420	1
exposure_C013099	disease_5180	1
exposure_C013099	disease_4580	1
exposure_D008344	disease_8383	1
exposure_D008344	disease_5180	1
exposure_D008344	disease_4425	1
exposure_D008344	disease_5420	1
exposure_D008344	disease_4580	1
exposure_D008345	disease_4922	1
exposure_D008345	disease_5148	1
exposure_D008345	disease_10920	1
exposure_D008345	disease_5154	1
exposure_D008345	disease_2025	1
exposure_D008345	disease_1076	1
exposure_D008345	disease_24644	1
exposure_D008345	disease_4976	1
exposure_D008345	disease_21100	1
exposure_D008345	disease_6966	1
exposure_D017895	disease_4976	1
exposure_D008628	disease_18020	1
exposure_D008628	disease_100130	1
exposure_D008628	disease_11565	1
exposure_D008628	disease_5148	1
exposure_D008628	disease_6920	1
exposure_D008628	disease_4980	1
exposure_D008628	disease_4976	1
exposure_D008628	disease_24417	1
exposure_D008628	disease_4995	1
exposure_D008628	disease_839	1
exposure_D008628	disease_5300	1
exposure_D008628	disease_5010	1
exposure_D008628	disease_5301	1
exposure_D008628	disease_5406	1
exposure_D008628	disease_1076	1
exposure_D008628	disease_6733	1
exposure_D008628	disease_4790	1
exposure_D008628	disease_5240	1
exposure_D017669	disease_4976	1
exposure_C028175	disease_5300	1
exposure_C028175	disease_5420	1
exposure_C028175	disease_2050	1
exposure_D008670	disease_839	1
exposure_D008670	disease_5030	1
exposure_D008670	disease_2049	1
exposure_D008670	disease_2909	1
exposure_D008670	disease_5148	1
exposure_D019216	disease_21107	1
exposure_D019216	disease_4976	1
exposure_D019216	disease_11565	1
exposure_D019216	disease_5267	1
exposure_D019216	disease_5002	1
exposure_D019216	disease_5087	1
exposure_D000432	disease_2691	1
exposure_D000432	disease_7256	1
exposure_D008724	disease_18075	1
exposure_C005218	disease_5527	1
exposure_C005218	disease_8315	1
exposure_C005218	disease_1071	1
exposure_C005218	disease_21085	1
exposure_C005218	disease_5420	1
exposure_C005218	disease_3781	1
exposure_C005218	disease_5401	1
exposure_C005218	disease_5180	1
exposure_D008737	disease_4976	1
exposure_D008752	disease_4976	1
exposure_D008752	disease_19087	1
exposure_D008767	disease_5287	1
exposure_D008767	disease_16013	1
exposure_C015358	disease_21124	1
exposure_C015358	disease_5302	1
exposure_D008743	disease_4922	1
exposure_C043243	disease_2691	1
exposure_C043243	disease_7256	1
exposure_C051786	disease_5372	1
exposure_C051786	disease_21042	1
exposure_C051786	disease_2691	1
exposure_C051786	disease_7256	1
exposure_C051786	disease_18906	1
exposure_C051786	disease_5030	1
exposure_C051786	disease_2129	1
exposure_C051786	disease_1657	1
exposure_C051786	disease_5062	1
exposure_C051786	disease_5300	1
exposure_C051786	disease_3014	1
exposure_C051786	disease_4425	1
exposure_C051786	disease_5420	1
exposure_C051786	disease_5401	1
exposure_C051786	disease_21117	1
exposure_C009235	disease_8315	1
exposure_C009235	disease_2334	1
exposure_C009235	disease_18908	1
exposure_C009235	disease_4425	1
exposure_C009235	disease_5420	1
exposure_C009235	disease_5401	1
exposure_C011934	disease_5424	1
exposure_D052998	disease_5154	1
exposure_D008917	disease_21100	1
exposure_D008982	disease_5148	1
exposure_D008982	disease_1076	1
exposure_C479069	disease_21100	1
exposure_C080276	disease_21100	1
exposure_C016599	disease_1572	1
exposure_C016599	disease_21100	1
exposure_C016599	disease_5406	1
exposure_C103325	disease_21100	1
exposure_C103325	disease_5406	1
exposure_C028577	disease_1572	1
exposure_C028577	disease_5406	1
exposure_C028577	disease_21100	1
exposure_C581825	disease_5081	1
exposure_C581825	disease_21100	1
exposure_C575690	disease_5406	1
exposure_C020300	disease_4995	1
exposure_C020300	disease_5267	1
exposure_C517284	disease_21100	1
exposure_D000077266	disease_5359	1
exposure_D018727	disease_1627	1
exposure_D009151	disease_5087	1
exposure_D009151	disease_5328	1
exposure_D009151	disease_5093	1
exposure_D009267	disease_18075	1
exposure_D037742	disease_5249	1
exposure_D009294	disease_29000	1
exposure_C542083	disease_1071	1
exposure_D009532	disease_6525	1
exposure_D009532	disease_5030	1
exposure_D009532	disease_5148	1
exposure_D009532	disease_1076	1
exposure_D009532	disease_21117	1
exposure_D009532	disease_4976	1
exposure_D009532	disease_21100	1
exposure_D009532	disease_2909	1
exposure_D009532	disease_11565	1
exposure_D009538	disease_5618	1
exposure_D009538	disease_2009	1
exposure_D009538	disease_8114	1
exposure_D009538	disease_5383	1
exposure_D009538	disease_3781	1
exposure_D009538	disease_5087	1
exposure_D009538	disease_2134	1
exposure_D009538	disease_5002	1
exposure_D009538	disease_8575	1
exposure_C015389	disease_21117	1
exposure_C015389	disease_1187	1
exposure_C015389	disease_4987	1
exposure_D009566	disease_4985	1
exposure_D009566	disease_1187	1
exposure_D009566	disease_4987	1
exposure_D009566	disease_21100	1
exposure_D009566	disease_5420	1
exposure_D009566	disease_1117	1
exposure_D009566	disease_4995	1
exposure_D009566	disease_24644	1
exposure_D009569	disease_4976	1
exposure_D009569	disease_4849	1
exposure_D009569	disease_4995	1
exposure_D009569	disease_11057	1
exposure_D009569	disease_1627	1
exposure_D009569	disease_5180	1
exposure_D009569	disease_5081	1
exposure_D009569	disease_5249	1
exposure_D009569	disease_5010	1
exposure_D009569	disease_4970	1
exposure_D009585	disease_4995	1
exposure_D009585	disease_5180	1
exposure_D009585	disease_5002	1
exposure_D009585	disease_4976	1
exposure_D009585	disease_5030	1
exposure_D009585	disease_8383	1
exposure_D009585	disease_21100	1
exposure_D009585	disease_11057	1
exposure_D009585	disease_3781	1
exposure_D009585	disease_5252	1
exposure_D009585	disease_1627	1
exposure_D009585	disease_839	1
exposure_D009585	disease_4980	1
exposure_D009585	disease_21117	1
exposure_D009585	disease_5087	1
exposure_D009585	disease_5328	1
exposure_D009585	disease_6052	1
exposure_D009585	disease_5043	1
exposure_D009585	disease_5249	1
exposure_D009585	disease_5324	1
exposure_D009585	disease_3014	1
exposure_D009585	disease_5010	1
exposure_D009585	disease_24575	1
exposure_D009589	disease_21117	1
exposure_D009589	disease_4648	1
exposure_D009589	disease_5271	1
exposure_D009589	disease_24644	1
exposure_C001870	disease_21100	1
exposure_C001870	disease_18908	1
exposure_C584298	disease_5275	1
exposure_C584298	disease_15925	1
exposure_C016340	disease_4790	1
exposure_C016340	disease_6920	1
exposure_C016340	disease_5335	1
exposure_C016340	disease_21100	1
exposure_D009930	disease_24644	1
exposure_D009930	disease_11565	1
exposure_D010755	disease_21042	1
exposure_D010755	disease_5087	1
exposure_D010755	disease_3538	1
exposure_D010755	disease_5180	1
exposure_D010755	disease_5287	1
exposure_D010755	disease_5302	1
exposure_D010755	disease_5365	1
exposure_D010755	disease_4580	1
exposure_D010755	disease_5071	1
exposure_D010755	disease_21100	1
exposure_D009943	disease_2909	1
exposure_D009943	disease_11565	1
exposure_D009943	disease_5180	1
exposure_D063086	disease_5180	1
exposure_C008743	disease_21100	1
exposure_C008743	disease_18908	1
exposure_D010100	disease_21117	1
exposure_D010126	disease_5249	1
exposure_D010126	disease_5002	1
exposure_D010126	disease_5087	1
exposure_D010126	disease_4995	1
exposure_D010126	disease_4648	1
exposure_D010126	disease_8383	1
exposure_D010126	disease_11827	1
exposure_D010126	disease_6664	1
exposure_D010126	disease_10086	1
exposure_D010126	disease_5010	1
exposure_D010126	disease_4980	1
exposure_D010126	disease_21117	1
exposure_D010126	disease_24644	1
exposure_D010126	disease_5311	1
exposure_D010126	disease_4596	1
exposure_D010126	disease_24575	1
exposure_D010126	disease_5180	1
exposure_D010269	disease_5180	1
exposure_D010269	disease_5300	1
exposure_D010269	disease_18908	1
exposure_D010269	disease_4425	1
exposure_D010269	disease_5420	1
exposure_D010269	disease_3781	1
exposure_D010278	disease_5300	1
exposure_D010278	disease_8315	1
exposure_D010278	disease_5087	1
exposure_D010278	disease_2050	1
exposure_D010278	disease_5420	1
exposure_D010278	disease_4425	1
exposure_D052638	disease_4995	1
exposure_D052638	disease_24644	1
exposure_D052638	disease_4849	1
exposure_D052638	disease_3781	1
exposure_D052638	disease_4648	1
exposure_D052638	disease_6664	1
exposure_D052638	disease_5180	1
exposure_D052638	disease_8383	1
exposure_D052638	disease_21100	1
exposure_D052638	disease_1627	1
exposure_D052638	disease_7263	1
exposure_D052638	disease_21117	1
exposure_D052638	disease_5087	1
exposure_D052638	disease_5618	1
exposure_D052638	disease_2050	1
exposure_D052638	disease_3406	1
exposure_D052638	disease_5002	1
exposure_D052638	disease_11057	1
exposure_D052638	disease_3240	1
exposure_D052638	disease_5269	1
exposure_D052638	disease_409	1
exposure_D052638	disease_831	1
exposure_D052638	disease_5298	1
exposure_D052638	disease_5302	1
exposure_D052638	disease_5352	1
exposure_D052638	disease_3538	1
exposure_D052638	disease_11827	1
exposure_D052638	disease_8542	1
exposure_D052638	disease_7179	1
exposure_D052638	disease_5267	1
exposure_D052638	disease_5081	1
exposure_D052638	disease_5010	1
exposure_D052638	disease_4980	1
exposure_D052638	disease_5275	1
exposure_D052638	disease_24355	1
exposure_D052638	disease_5328	1
exposure_D052638	disease_5311	1
exposure_D052638	disease_5030	1
exposure_D052638	disease_5249	1
exposure_D052638	disease_24575	1
exposure_D052638	disease_10086	1
exposure_D052638	disease_24327	1
exposure_D052638	disease_2654	1
exposure_D052638	disease_20290	1
exposure_D052638	disease_16064	1
exposure_D052638	disease_5324	1
exposure_D052638	disease_839	1
exposure_D052638	disease_3014	1
exposure_D052638	disease_2009	1
exposure_C410127	disease_4995	1
exposure_C410127	disease_24355	1
exposure_C410127	disease_5406	1
exposure_C410127	disease_21100	1
exposure_C410127	disease_2050	1
exposure_C410127	disease_18908	1
exposure_C030856	disease_21042	1
exposure_C030856	disease_21117	1
exposure_C030856	disease_5300	1
exposure_C030856	disease_5335	1
exposure_C030856	disease_2334	1
exposure_C030856	disease_18908	1
exposure_C030856	disease_8315	1
exposure_C030856	disease_4425	1
exposure_C030856	disease_5420	1
exposure_C030856	disease_5401	1
exposure_C030856	disease_5180	1
exposure_C030856	disease_21040	1
exposure_C517827	disease_3538	1
exposure_C539348	disease_24664	1
exposure_C539348	disease_5081	1
exposure_C036567	disease_5249	1
exposure_C036567	disease_5302	1
exposure_C036567	disease_5372	1
exposure_C036567	disease_5081	1
exposure_C036567	disease_21100	1
exposure_C036567	disease_7745	1
exposure_C522391	disease_5249	1
exposure_C522391	disease_5406	1
exposure_C522391	disease_7745	1
exposure_C000610525	disease_5406	1
exposure_C471071	disease_2510	1
exposure_C471071	disease_5302	1
exposure_C471071	disease_5081	1
exposure_C471071	disease_21100	1
exposure_C471071	disease_5298	1
exposure_C471071	disease_7745	1
exposure_C471071	disease_1071	1
exposure_C479228	disease_7745	1
exposure_C584865	disease_5302	1
exposure_C584865	disease_5081	1
exposure_C584865	disease_5406	1
exposure_C584865	disease_5298	1
exposure_C584865	disease_7745	1
exposure_C076994	disease_5081	1
exposure_C076994	disease_2144	1
exposure_C076994	disease_5302	1
exposure_C076994	disease_5372	1
exposure_C076994	disease_5148	1
exposure_C076994	disease_21100	1
exposure_C076994	disease_5328	1
exposure_C076994	disease_5359	1
exposure_C076994	disease_7745	1
exposure_C076994	disease_3240	1
exposure_C076994	disease_5154	1
exposure_C076994	disease_1071	1
exposure_C023036	disease_2144	1
exposure_C023036	disease_1577	1
exposure_C023036	disease_5302	1
exposure_C023036	disease_5372	1
exposure_C023036	disease_5081	1
exposure_C023036	disease_20022	1
exposure_C023036	disease_839	1
exposure_C023036	disease_5030	1
exposure_C023036	disease_5148	1
exposure_C023036	disease_5010	1
exposure_C023036	disease_5154	1
exposure_C023036	disease_3240	1
exposure_C023036	disease_5406	1
exposure_C023036	disease_21100	1
exposure_C023036	disease_5328	1
exposure_C023036	disease_5298	1
exposure_C023036	disease_5359	1
exposure_C023036	disease_7745	1
exposure_C023036	disease_11057	1
exposure_C023036	disease_5300	1
exposure_C023036	disease_2367	1
exposure_C023036	disease_2691	1
exposure_C023036	disease_7256	1
exposure_C023036	disease_24644	1
exposure_C023036	disease_21040	1
exposure_C023036	disease_8315	1
exposure_C023036	disease_5447	1
exposure_C023036	disease_2108	1
exposure_C023036	disease_1187	1
exposure_C023036	disease_4987	1
exposure_C023036	disease_1071	1
exposure_C023036	disease_4743	1
exposure_C586085	disease_5302	1
exposure_C586085	disease_5081	1
exposure_C586085	disease_4980	1
exposure_C586085	disease_7745	1
exposure_D026023	disease_9693	1
exposure_D026023	disease_5180	1
exposure_D026023	disease_1071	1
exposure_D026023	disease_5300	1
exposure_D026023	disease_8315	1
exposure_D026023	disease_3014	1
exposure_D026023	disease_3781	1
exposure_D026023	disease_5401	1
exposure_D026023	disease_21117	1
exposure_D026023	disease_18908	1
exposure_D026023	disease_2165	1
exposure_D026023	disease_2050	1
exposure_C025080	disease_6525	1
exposure_D010575	disease_4995	1
exposure_D010575	disease_5328	1
exposure_D010575	disease_29000	1
exposure_D010575	disease_5093	1
exposure_D010575	disease_8315	1
exposure_D010575	disease_15514	1
exposure_D010575	disease_5287	1
exposure_D010575	disease_2039	1
exposure_D010575	disease_5180	1
exposure_D010575	disease_21100	1
exposure_D010575	disease_16537	1
exposure_D010575	disease_21042	1
exposure_D010575	disease_3538	1
exposure_D010575	disease_18908	1
exposure_D010575	disease_21107	1
exposure_D010575	disease_4976	1
exposure_D010575	disease_21117	1
exposure_D010575	disease_5087	1
exposure_D010575	disease_1187	1
exposure_D010575	disease_4987	1
exposure_D010575	disease_8383	1
exposure_D010575	disease_3240	1
exposure_D010575	disease_7243	1
exposure_D010575	disease_2510	1
exposure_D010575	disease_11565	1
exposure_D010575	disease_3233	1
exposure_D010575	disease_5302	1
exposure_D010575	disease_4952	1
exposure_D010575	disease_18874	1
exposure_D010575	disease_1657	1
exposure_D010575	disease_2334	1
exposure_D010575	disease_2050	1
exposure_D010575	disease_24664	1
exposure_D010575	disease_5081	1
exposure_D010575	disease_5406	1
exposure_D010575	disease_2657	1
exposure_D010578	disease_2258	1
exposure_D010578	disease_5087	1
exposure_D010578	disease_2050	1
exposure_D010578	disease_2025	1
exposure_D010578	disease_6564	1
exposure_D010578	disease_5300	1
exposure_D010578	disease_5420	1
exposure_D010578	disease_8315	1
exposure_D010578	disease_3014	1
exposure_D010578	disease_4425	1
exposure_D010636	disease_5030	1
exposure_D010636	disease_20683	1
exposure_D010702	disease_5300	1
exposure_D010702	disease_8315	1
exposure_D010702	disease_5087	1
exposure_D010702	disease_5180	1
exposure_D010702	disease_5406	1
exposure_C032279	disease_21100	1
exposure_D010795	disease_5618	1
exposure_D010795	disease_21124	1
exposure_D010795	disease_4980	1
exposure_D010795	disease_5406	1
exposure_D010795	disease_1076	1
exposure_D010795	disease_5087	1
exposure_D048789	disease_1572	1
exposure_D011078	disease_1071	1
exposure_D011078	disease_4995	1
exposure_D011078	disease_21124	1
exposure_D011078	disease_5335	1
exposure_D011078	disease_5148	1
exposure_D011078	disease_2908	1
exposure_D011078	disease_4790	1
exposure_D011078	disease_5328	1
exposure_D011078	disease_11565	1
exposure_D011078	disease_5406	1
exposure_D011078	disease_5447	1
exposure_D011078	disease_21100	1
exposure_D011078	disease_2715	1
exposure_D011078	disease_5298	1
exposure_D011078	disease_2050	1
exposure_D011078	disease_18905	1
exposure_D011078	disease_18908	1
exposure_D011078	disease_18906	1
exposure_D011078	disease_5030	1
exposure_D011078	disease_4976	1
exposure_D000072317	disease_5372	1
exposure_D011084	disease_21100	1
exposure_D011084	disease_4681	1
exposure_D011084	disease_7959	1
exposure_D011084	disease_5030	1
exposure_D011084	disease_4995	1
exposure_D011084	disease_3781	1
exposure_D011084	disease_6736	1
exposure_C060540	disease_5275	1
exposure_C060540	disease_15925	1
exposure_D011126	disease_2771	1
exposure_D011126	disease_5087	1
exposure_D011188	disease_4995	1
exposure_D011188	disease_24644	1
exposure_D011429	disease_6525	1
exposure_D001074	disease_4643	1
exposure_C004765	disease_19087	1
exposure_D011722	disease_5302	1
exposure_D011722	disease_4976	1
exposure_D011739	disease_24575	1
exposure_D011791	disease_5424	1
exposure_D000644	disease_20683	1
exposure_C064835	disease_5359	1
exposure_C064835	disease_1751	1
exposure_D011847	disease_5062	1
exposure_D011847	disease_21100	1
exposure_D011847	disease_21085	1
exposure_D011847	disease_2715	1
exposure_D011847	disease_2691	1
exposure_D011847	disease_7256	1
exposure_D011847	disease_5420	1
exposure_D011883	disease_4976	1
exposure_D011886	disease_21117	1
exposure_D011886	disease_4970	1
exposure_D011886	disease_5232	1
exposure_D011886	disease_5096	1
exposure_D011886	disease_8433	1
exposure_D012402	disease_5180	1
exposure_D012413	disease_5148	1
exposure_D012413	disease_1076	1
exposure_D064586	disease_4976	1
exposure_D020887	disease_4976	1
exposure_D012643	disease_8315	1
exposure_D012643	disease_4976	1
exposure_D012643	disease_3144	1
exposure_D012643	disease_4209	1
exposure_D012643	disease_7959	1
exposure_D012643	disease_16715	1
exposure_D012643	disease_839	1
exposure_D012643	disease_5148	1
exposure_D012643	disease_1076	1
exposure_D012643	disease_24644	1
exposure_D012643	disease_5010	1
exposure_D018036	disease_4976	1
exposure_D017367	disease_594	1
exposure_C049437	disease_8315	1
exposure_D012825	disease_4995	1
exposure_D012825	disease_5311	1
exposure_D012825	disease_24644	1
exposure_D012822	disease_21117	1
exposure_D012822	disease_5002	1
exposure_D012822	disease_24355	1
exposure_D012822	disease_12105	1
exposure_D012822	disease_22742	1
exposure_D012822	disease_3781	1
exposure_D012822	disease_5960	1
exposure_D012822	disease_5096	1
exposure_D012822	disease_8433	1
exposure_D012834	disease_5148	1
exposure_C033214	disease_5424	1
exposure_D012905	disease_5267	1
exposure_D012905	disease_5002	1
exposure_D012905	disease_5087	1
exposure_D012906	disease_5087	1
exposure_D012906	disease_5252	1
exposure_D012906	disease_24644	1
exposure_D012906	disease_5002	1
exposure_D012906	disease_4995	1
exposure_D012906	disease_21117	1
exposure_D012906	disease_5328	1
exposure_D012906	disease_18075	1
exposure_D012997	disease_5527	1
exposure_D012997	disease_1187	1
exposure_D012997	disease_4987	1
exposure_D012997	disease_6474	1
exposure_D012997	disease_8383	1
exposure_D012997	disease_4976	1
exposure_D012997	disease_5301	1
exposure_D012997	disease_21124	1
exposure_D012997	disease_5372	1
exposure_D012997	disease_5180	1
exposure_D012997	disease_3781	1
exposure_D053260	disease_1627	1
exposure_D053260	disease_5180	1
exposure_D053260	disease_24644	1
exposure_D053260	disease_5311	1
exposure_D053260	disease_5010	1
exposure_D053260	disease_21113	1
exposure_D013324	disease_5148	1
exposure_D013324	disease_1076	1
exposure_D020058	disease_20683	1
exposure_D020058	disease_5328	1
exposure_D020058	disease_4335	1
exposure_D020058	disease_5087	1
exposure_D020058	disease_5093	1
exposure_D020058	disease_3144	1
exposure_D020058	disease_4209	1
exposure_D020058	disease_7959	1
exposure_D020058	disease_16715	1
exposure_D020058	disease_4976	1
exposure_D020058	disease_5100	1
exposure_D020058	disease_8383	1
exposure_D013413	disease_24575	1
exposure_D013431	disease_24644	1
exposure_D013451	disease_5302	1
exposure_D013451	disease_5081	1
exposure_D013455	disease_4995	1
exposure_D013455	disease_24355	1
exposure_D013455	disease_5030	1
exposure_D013455	disease_5311	1
exposure_D013455	disease_24644	1
exposure_D013458	disease_5087	1
exposure_D013458	disease_5002	1
exposure_D013458	disease_8383	1
exposure_D013458	disease_839	1
exposure_D013458	disease_4995	1
exposure_D013458	disease_6664	1
exposure_D013458	disease_7263	1
exposure_D013458	disease_4970	1
exposure_D013458	disease_5096	1
exposure_D013458	disease_5812	1
exposure_D013458	disease_5249	1
exposure_C446685	disease_1071	1
exposure_D013635	disease_5148	1
exposure_D013662	disease_6722	1
exposure_C012568	disease_21100	1
exposure_C012568	disease_18908	1
exposure_C012568	disease_8315	1
exposure_C012568	disease_5087	1
exposure_C012568	disease_21117	1
exposure_C012568	disease_4425	1
exposure_C012568	disease_5420	1
exposure_C012568	disease_5401	1
exposure_C527525	disease_5301	1
exposure_D013749	disease_5062	1
exposure_D013749	disease_18908	1
exposure_D013749	disease_9693	1
exposure_D013749	disease_5002	1
exposure_D013749	disease_5385	1
exposure_D013749	disease_5324	1
exposure_D013749	disease_21100	1
exposure_D013749	disease_2334	1
exposure_D013749	disease_5372	1
exposure_D013749	disease_11565	1
exposure_D013749	disease_5089	1
exposure_D013750	disease_2367	1
exposure_D013750	disease_5027	1
exposure_D013750	disease_4952	1
exposure_D013750	disease_5030	1
exposure_D013750	disease_2050	1
exposure_D013750	disease_4985	1
exposure_D013750	disease_5146	1
exposure_D013750	disease_2494	1
exposure_D013750	disease_21100	1
exposure_D013750	disease_18908	1
exposure_D013750	disease_3144	1
exposure_D013750	disease_4209	1
exposure_D013750	disease_7959	1
exposure_D013750	disease_16715	1
exposure_D013750	disease_5917	1
exposure_D013750	disease_4976	1
exposure_C005806	disease_4225	1
exposure_C005806	disease_5401	1
exposure_C005806	disease_21117	1
exposure_C005806	disease_8315	1
exposure_C005806	disease_5420	1
exposure_C005806	disease_5180	1
exposure_C010349	disease_5527	1
exposure_D013793	disease_5030	1
exposure_D013793	disease_5148	1
exposure_D013793	disease_1076	1
exposure_D013849	disease_6525	1
exposure_C035638	disease_21124	1
exposure_D014001	disease_839	1
exposure_D014001	disease_5148	1
exposure_D014001	disease_1076	1
exposure_D014025	disease_1076	1
exposure_D014025	disease_5010	1
exposure_D014028	disease_5618	1
exposure_D014028	disease_2009	1
exposure_D014028	disease_8114	1
exposure_D014028	disease_5383	1
exposure_D014028	disease_5265	1
exposure_D014028	disease_1187	1
exposure_D014028	disease_4987	1
exposure_D014028	disease_21117	1
exposure_D014028	disease_5301	1
exposure_D014028	disease_21040	1
exposure_D014028	disease_1627	1
exposure_D014028	disease_21100	1
exposure_D014028	disease_4995	1
exposure_D014028	disease_5276	1
exposure_D014028	disease_2050	1
exposure_D014028	disease_5271	1
exposure_D014028	disease_18874	1
exposure_D014028	disease_3538	1
exposure_D014028	disease_16064	1
exposure_D014028	disease_3781	1
exposure_D014028	disease_5087	1
exposure_D014028	disease_24575	1
exposure_D014028	disease_5352	1
exposure_D014028	disease_5010	1
exposure_D014028	disease_24355	1
exposure_D014028	disease_5275	1
exposure_C024746	disease_3781	1
exposure_C024746	disease_5087	1
exposure_D014050	disease_5527	1
exposure_D014050	disease_3144	1
exposure_D014050	disease_4209	1
exposure_D014050	disease_7959	1
exposure_D014050	disease_16715	1
exposure_D014050	disease_2691	1
exposure_D014050	disease_7256	1
exposure_D014050	disease_4976	1
exposure_D014112	disease_5420	1
exposure_D014112	disease_2165	1
exposure_D014112	disease_4976	1
exposure_D014227	disease_21042	1
exposure_D014227	disease_3538	1
exposure_D014227	disease_2050	1
exposure_C533760	disease_3538	1
exposure_D014238	disease_153	1
exposure_D014238	disease_6936	1
exposure_D014238	disease_8542	1
exposure_D014241	disease_5030	1
exposure_D014241	disease_21100	1
exposure_D014241	disease_18075	1
exposure_D014241	disease_19781	1
exposure_D014241	disease_3144	1
exposure_D014241	disease_4209	1
exposure_D014241	disease_7959	1
exposure_D014241	disease_16715	1
exposure_D014241	disease_4976	1
exposure_C032742	disease_8315	1
exposure_D014260	disease_5271	1
exposure_D014260	disease_5406	1
exposure_D014260	disease_5030	1
exposure_D014274	disease_21042	1
exposure_D014274	disease_5180	1
exposure_D014274	disease_5401	1
exposure_D014274	disease_4425	1
exposure_D014274	disease_5420	1
exposure_D022882	disease_5335	1
exposure_D022882	disease_1187	1
exposure_D022882	disease_4987	1
exposure_D022882	disease_21040	1
exposure_D022882	disease_18935	1
exposure_D022882	disease_4643	1
exposure_D022882	disease_5030	1
exposure_D022882	disease_16064	1
exposure_D022882	disease_24575	1
exposure_D015662	disease_24575	1
exposure_C005445	disease_2909	1
exposure_C031324	disease_11565	1
exposure_D014414	disease_1076	1
exposure_D014501	disease_1076	1
exposure_C028278	disease_2258	1
exposure_C028278	disease_5299	1
exposure_C028278	disease_831	1
exposure_D014639	disease_4995	1
exposure_D014639	disease_5302	1
exposure_D014639	disease_1076	1
exposure_D001335	disease_5386	1
exposure_D001335	disease_5180	1
exposure_D001335	disease_5087	1
exposure_D001335	disease_4995	1
exposure_D001335	disease_1657	1
exposure_D001335	disease_2974	1
exposure_D001335	disease_5153	1
exposure_D001335	disease_5148	1
exposure_D001335	disease_5081	1
exposure_D001335	disease_8383	1
exposure_D001335	disease_3781	1
exposure_D001335	disease_5010	1
exposure_D001335	disease_3014	1
exposure_D001335	disease_4980	1
exposure_D001335	disease_21100	1
exposure_D001335	disease_5249	1
exposure_D001335	disease_21117	1
exposure_D001335	disease_7576	1
exposure_D001335	disease_15926	1
exposure_D001335	disease_4976	1
exposure_D001335	disease_6736	1
exposure_C022071	disease_18075	1
exposure_C003760	disease_16466	1
exposure_C003760	disease_7179	1
exposure_D014752	disease_4976	1
exposure_D014752	disease_21100	1
exposure_D014752	disease_18908	1
exposure_D014752	disease_2691	1
exposure_D014752	disease_7256	1
exposure_D014801	disease_5271	1
exposure_D014807	disease_21100	1
exposure_D014807	disease_5287	1
exposure_D014807	disease_1265	1
exposure_D014807	disease_5084	1
exposure_D014807	disease_5487	1
exposure_D014807	disease_2025	1
exposure_D014810	disease_5271	1
exposure_D055549	disease_5275	1
exposure_D062065	disease_21100	1
exposure_D062065	disease_5328	1
exposure_D062065	disease_4335	1
exposure_D062065	disease_5093	1
exposure_D014874	disease_5240	1
exposure_D014874	disease_5047	1
exposure_D014874	disease_2974	1
exposure_D014874	disease_5153	1
exposure_D014874	disease_7576	1
exposure_D014874	disease_4952	1
exposure_D014874	disease_2367	1
exposure_D014874	disease_2691	1
exposure_D014874	disease_7256	1
exposure_D014874	disease_9693	1
exposure_D014874	disease_21100	1
exposure_D014874	disease_5180	1
exposure_D014874	disease_6564	1
exposure_D014874	disease_2258	1
exposure_D014874	disease_4976	1
exposure_D014992	disease_2691	1
exposure_D014992	disease_7256	1
exposure_D014992	disease_4976	1
exposure_D015032	disease_4995	1
exposure_D015032	disease_8315	1
exposure_D015032	disease_1209	1
exposure_D015032	disease_5302	1
exposure_D015032	disease_11565	1
exposure_D015032	disease_5148	1
exposure_D015032	disease_1076	1
exposure_D015032	disease_100130	1
exposure_D015039	disease_4580	1
